,reference_id,user_id,course_id,course_bookingDate
0,1,80,1,1593858061
1,2,38,2,1593858141
2,3,37,1,1593888906
3,4,21,2,1593991443
4,5,20,2,1594035234
5,6,41,2,1594060968
6,7,42,2,1594061486
7,8,26,2,1594118267
8,9,43,1,1594132756
9,10,44,3,1594996754
10,11,44,3,1594996914
11,12,44,3,1594996986
12,14,80,10,1595538854
13,15,38,7,1595538951
14,16,18,10,1595597182
15,17,31,10,1595607157
16,18,33,7,1595608089
17,19,39,7,1595690818
18,20,56,12,1595764913
19,21,41,12,1595765496
20,22,41,10,1595772653
21,23,47,12,1595921935
22,24,49,14,1595924010
23,25,50,14,1595924255
24,26,51,14,1595924481
25,27,52,14,1595924624
26,28,53,14,1595924837
27,30,57,13,1595946810
28,31,58,13,1595947030
29,32,54,13,1595947145
30,33,59,13,1595947167
31,34,14,13,1595947609
32,35,60,13,1595947843
33,36,61,13,1595947996
34,37,62,14,1595954849
35,38,63,14,1595956201
36,39,65,12,1595963949
37,40,66,12,1595964159
38,41,69,15,1595973652
39,42,68,15,1595973850
40,43,68,15,1595974287
41,44,70,15,1595974576
42,45,56,15,1596012123
43,46,72,14,1596104933
44,47,69,9,1596108408
45,48,71,10,1596129056
46,49,73,10,1596129916
47,50,74,14,1596184523
48,51,75,12,1596194120
49,52,76,10,1596229878
50,53,77,12,1596295996
51,54,78,15,1596296782
52,55,79,15,1596297642
53,56,81,12,1596363580
54,57,82,12,1596368080
55,58,48,12,1596442758
56,59,84,14,1596575340
57,60,64,13,1596635209
58,62,86,4,1596808656
59,63,88,15,1596976391
60,64,48,13,1597056509
61,65,89,17,1597060655
62,66,90,15,1597060738
63,67,9,18,1597153915
64,68,91,15,1597175349
65,69,92,15,1597177337
66,70,93,15,1597177684
67,71,43,16,1597331442
68,72,26,5,1597601198
69,73,96,5,1597688707
70,74,43,23,1597847827
71,75,33,4,1597919171
72,76,25,5,1597957433
73,77,9,24,1598007033
74,78,102,19,1598016638
75,80,20,4,1598256584
76,83,100,20,1598530871
77,84,98,21,1598705047
78,85,9,31,1598777921
79,86,102,8,1598822723
80,87,102,6,1598823107
81,88,97,6,1598823208
82,89,103,6,1598823465
83,90,49,9,1599673959
84,91,52,9,1599674129
85,92,53,9,1599674240
86,93,51,9,1599674378
87,94,50,9,1599674478
88,95,98,32,1600002330
89,96,106,32,1600079325
90,97,107,7,1600613351
91,98,108,32,1600694232
92,99,109,33,1600710077
93,100,56,9,1600978171
94,101,110,7,1601205244
95,102,99,7,1601321243
96,103,111,33,1601736412
97,104,112,33,1601737467
98,105,37,7,1601803633
99,106,31,7,1602181626
100,107,69,37,1621832988
101,108,62,46,1621858092
102,109,57,44,1621863752
103,110,59,44,1621864090
104,111,14,44,1621865708
105,112,90,46,1621865817
106,113,129,46,1621865939
107,114,55,46,1621866116
108,115,131,46,1621866188
109,116,130,45,1621866200
110,117,128,46,1621866254
111,118,133,46,1621866495
112,119,134,46,1621866605
113,120,125,36,1621868470
114,121,14,42,1621868539
115,122,9,43,1621868551
116,123,58,37,1621868564
117,124,138,44,1621868576
118,125,47,44,1621868588
119,126,80,39,1621868593
120,127,69,35,1621868608
121,128,140,37,1621868608
122,129,132,46,1621868667
123,130,141,36,1621868706
124,131,143,44,1621868746
125,132,127,45,1621868754
126,133,43,43,1621868783
127,134,139,37,1621868801
128,135,147,37,1621868817
129,136,31,39,1621868845
130,137,148,44,1621868862
131,138,60,37,1621868872
132,139,146,40,1621868885
133,140,135,45,1621868907
134,142,150,36,1621869020
135,144,151,44,1621869038
136,145,152,44,1621869067
137,146,153,37,1621869112
138,147,137,44,1621869119
139,148,146,49,1621869299
140,149,136,45,1621869357
141,150,31,43,1621869419
142,151,56,45,1621869495
143,152,56,37,1621869559
144,153,126,45,1621869567
145,156,156,44,1621869739
146,158,158,44,1621870018
147,159,161,42,1621870219
148,160,81,44,1621870309
149,161,162,44,1621870342
150,162,159,37,1621870460
151,163,163,37,1621870673
152,164,160,52,1621870698
153,165,165,37,1621870831
154,166,164,42,1621871144
155,169,168,48,1621872213
156,170,157,47,1621872371
157,171,167,51,1621872701
158,173,166,51,1621872895
159,174,122,48,1621872924
160,175,123,48,1621873027
161,176,169,37,1621873065
162,177,170,48,1621873150
163,178,43,51,1621873383
164,179,122,38,1621873485
165,180,43,49,1621873563
166,181,171,48,1621873564
167,182,123,38,1621873686
168,184,172,37,1621876367
169,185,173,37,1621876666
170,186,174,44,1621882146
171,187,64,35,1621884804
172,188,183,35,1621885066
173,189,175,54,1621885416
174,190,72,35,1621885517
175,191,54,35,1621886598
176,192,61,35,1621889211
177,193,176,44,1621890624
178,194,177,44,1621891103
179,195,178,47,1621893161
180,196,182,44,1621939470
181,197,184,36,1621941442
182,198,185,36,1621942111
183,199,186,36,1621942402
184,200,187,40,1621942847
185,201,188,40,1621943276
186,202,189,45,1621946110
187,203,190,46,1621952995
188,204,191,46,1621953293
189,205,194,46,1621978765
190,206,195,46,1621979296
191,207,196,48,1622017836
192,208,197,46,1622038765
193,209,198,46,1622051672
194,210,200,46,1622052982
195,211,199,48,1622053013
196,212,201,37,1622101157
197,213,202,38,1622117648
198,214,204,42,1622190448
199,215,272,43,1622190841
200,216,205,43,1622191326
201,218,5,51,1622197007
202,219,95,38,1622215427
203,222,212,40,1622239983
204,223,213,40,1622240685
205,224,214,43,1622270839
206,225,215,40,1622277673
207,226,207,51,1622279132
208,227,7,51,1622279385
209,228,216,36,1622292066
210,229,217,42,1622292265
211,230,218,36,1622292392
212,231,219,36,1622292643
213,232,220,36,1622458497
214,233,221,53,1622486771
215,234,222,53,1622487058
216,235,124,52,1622487731
217,236,223,53,1622490858
218,237,224,53,1622491584
219,238,41,55,1622492803
220,239,31,55,1622494451
221,240,225,52,1622496497
222,241,228,36,1622539169
223,242,229,36,1622539587
224,243,227,36,1622539968
225,244,27,55,1622571437
226,245,28,55,1622573178
227,246,231,49,1622584846
228,247,233,53,1622644024
229,248,193,36,1622653943
230,249,234,54,1622802908
231,250,235,54,1622803085
232,251,238,53,1622888651
233,252,232,50,1623068437
234,253,239,50,1623069531
235,254,240,50,1623070075
236,255,241,50,1623071157
237,256,243,53,1623083707
238,257,242,53,1623083860
239,258,244,53,1623084357
240,259,237,56,1623147928
241,260,245,56,1623148024
242,261,236,56,1623148143
243,262,246,45,1623170300
244,263,249,36,1623256758
245,264,248,36,1623256886
246,265,250,42,1623320273
247,266,251,37,1623349170
248,267,252,37,1623350962
249,268,253,37,1623351616
250,269,254,37,1623352004
251,271,33,55,1623704052
252,272,9,67,1623708994
253,273,258,35,1623834906
254,274,259,46,1623843220
255,275,261,38,1623944470
256,276,262,40,1623959650
257,277,109,68,1624047076
258,278,263,68,1624047950
259,279,260,60,1624120819
260,280,21,58,1624223295
261,281,264,92,1624240236
262,282,267,37,1624299548
263,283,268,37,1624301298
264,284,266,52,1624390169
265,286,270,36,1624451487
266,287,271,54,1624539029
267,288,274,54,1624645430
268,289,275,54,1624645645
269,290,277,54,1624646083
270,291,276,54,1624646116
271,292,278,54,1624793100
272,293,279,52,1624810052
273,294,280,52,1624810242
274,295,282,36,1624870238
275,296,283,36,1624870838
276,297,80,48,1624873052
277,298,261,43,1624974951
278,299,286,36,1624996412
279,300,287,36,1625043979
280,301,38,58,1625063745
281,302,9,82,1625086146
282,303,24,40,1625240872
283,304,24,49,1625241087
284,305,289,36,1625251430
285,306,84,36,1625420555
286,307,290,52,1625751655
287,308,291,52,1625751960
288,309,288,90,1625755747
289,310,257,53,1625764019
290,311,292,44,1625930997
291,312,293,47,1626081616
292,313,294,44,1626348137
293,314,295,53,1626372088
294,315,297,47,1626454672
295,316,298,47,1626454857
296,317,299,47,1626455952
297,318,300,52,1626456169
298,319,301,52,1626456304
299,320,302,54,1626532239
300,321,303,54,1626532917
301,322,304,54,1626533211
302,323,305,54,1626533527
303,324,306,54,1626533869
304,325,307,53,1626605130
305,326,296,60,1626623226
306,327,226,60,1626709326
307,328,309,49,1626765710
308,329,310,49,1626766040
309,330,313,52,1626867075
310,331,314,52,1626867513
311,332,315,52,1626868097
312,333,317,52,1627029117
313,334,223,46,1627076118
314,335,224,46,1627076962
315,336,181,84,1627295660
316,337,318,84,1627337331
317,338,33,98,1627476317
318,339,20,98,1627478570
319,340,1,98,1627479080
320,341,30,98,1627480850
321,342,21,98,1627484528
322,343,38,98,1627595958
323,344,319,99,1627648577
324,345,17,98,1627669852
325,346,2,98,1627729699
326,347,320,99,1627741672
327,348,318,95,1627814719
328,349,181,95,1627814796
329,350,322,55,1628426996
330,351,264,55,1628427546
331,352,52,97,1628446232
332,353,51,97,1628446232
333,354,49,97,1628446232
334,355,53,97,1628446232
335,356,50,97,1628446232
336,357,323,55,1628501225
337,358,324,55,1628501486
338,359,325,55,1628542319
339,360,326,55,1628546227
340,361,9,59,1628621230
341,362,9,61,1628622471
342,363,242,54,1628948315
343,364,328,55,1628961982
344,365,329,100,1629292585
345,366,330,100,1630144974
346,367,323,25,1630394686
347,368,264,25,1630410476
348,369,43,26,1630765866
349,370,56,26,1630766309
350,371,9,26,1630768008
351,372,31,26,1630848982
352,373,332,28,1631193707
353,374,333,101,1631374301
354,375,334,101,1631374648
355,376,41,26,1631559035
356,377,49,30,1644590890
357,378,50,30,1644590890
358,379,51,30,1644590890
359,380,52,30,1644590890
360,381,53,30,1644590890
361,382,196,102,1628168400
362,383,338,104,1649805871
363,384,339,104,1649805871
364,385,340,104,1649805871
365,386,341,104,1649806083
366,388,343,104,1649858522
367,389,344,104,1649858522
368,390,345,106,1651151674
369,391,346,106,1651153382
370,392,347,106,1651153752
371,393,348,106,1651158074
372,394,349,106,1651158348
373,395,350,106,1651168203
374,396,351,106,1651170398
375,397,352,106,1651227700
376,398,353,106,1651318889
377,399,354,106,1651319485
378,400,355,106,1651320060
379,401,357,106,1651487035
380,402,358,106,1651505372
381,404,359,106,1651578394
382,405,360,106,1651578699
383,406,361,106,1651578839
384,407,362,106,1651579774
385,408,365,121,1652604244
386,409,366,121,1652604623
387,410,367,121,1652604924
388,411,369,122,1652996305
389,412,370,122,1652996706
390,413,135,124,1653042342
391,414,127,124,1653042342
392,415,137,124,1653042342
393,416,126,118,1653042342
394,417,136,118,1653042342
395,418,130,118,1653042342
396,419,371,122,1653352982
397,420,372,122,1653352982
398,421,373,122,1653352982
399,422,374,122,1653352982
400,423,376,117,1653395852
401,424,377,117,1653396261
402,426,378,112,1653402473
403,427,69,125,1653404440
404,428,125,120,1653404463
405,429,43,115,1653404474
406,430,380,124,1653404485
407,432,43,128,1653404516
408,433,47,124,1653404518
409,434,9,141,1653404537
410,435,9,119,1653404573
411,436,56,115,1653404593
412,437,14,116,1653404595
413,438,382,124,1653404634
414,439,386,124,1653404658
415,440,379,113,1653404658
416,441,384,122,1653404660
417,442,383,126,1653404665
418,443,381,126,1653404668
419,444,234,111,1653404674
420,445,56,111,1653404710
421,446,385,110,1653404748
422,448,390,122,1653404862
423,449,392,124,1653404887
424,450,235,111,1653404896
425,451,391,124,1653404909
426,452,387,113,1653404971
427,453,394,110,1653405037
428,454,368,125,1653405074
429,455,395,126,1653405184
430,456,396,125,1653405313
431,457,397,126,1653405383
432,458,393,124,1653405427
433,459,398,126,1653405576
434,460,399,124,1653406413
435,461,400,124,1653406690
436,462,401,124,1653407261
437,463,402,124,1653407585
438,464,403,120,1653408621
439,465,261,115,1653410189
440,466,389,113,1653410262
441,467,404,113,1653410675
442,468,405,122,1653414146
443,469,188,115,1653415802
444,470,187,115,1653415915
445,471,185,109,1653416006
446,472,186,109,1653416137
447,473,184,120,1653416355
448,474,406,124,1653417398
449,475,407,120,1653417407
450,476,408,124,1653417596
451,477,81,124,1653417750
452,478,409,123,1653418134
453,479,230,120,1653418136
454,480,410,123,1653418473
455,481,411,124,1653421115
456,482,412,124,1653421305
457,483,413,117,1653423365
458,484,414,117,1653423644
459,485,175,110,1653423906
460,486,415,121,1653428395
461,487,416,121,1653470038
462,488,420,116,1653486498
463,489,422,120,1653512854
464,490,423,120,1653512920
465,491,417,134,1653513446
466,492,424,134,1653513577
467,493,425,134,1653513747
468,494,375,117,1653551232
469,495,259,123,1653590817
470,496,427,118,1653601580
471,497,427,111,1653602073
472,498,428,134,1653657460
473,499,429,134,1653657810
474,500,430,134,1653658143
475,501,364,121,1653877300
476,502,431,121,1653877440
477,503,432,110,1653924634
478,504,433,135,1653928309
479,505,157,30,1653934934
480,506,160,122,1653935839
481,507,434,121,1653949252
482,508,435,122,1653986510
483,509,436,110,1654014014
484,510,437,110,1654022860
485,511,438,113,1654027738
486,512,439,135,1654036365
487,513,441,136,1654294196
488,514,442,135,1654294349
489,515,443,135,1654294349
490,516,125,135,1654294349
491,517,445,112,1654334533
492,518,131,121,1654511066
493,519,446,109,1654512312
494,520,447,122,1654513756
495,521,448,126,1654549443
496,522,449,126,1654549924
497,523,450,113,1654597363
498,524,451,127,1654635697
499,525,206,109,1654711068
500,526,453,109,1654769528
501,527,454,120,1654798846
502,528,455,120,1654799215
503,529,456,138,1654975570
504,530,457,138,1655029105
505,531,459,120,1655194815
506,532,460,125,1655210735
507,533,461,119,1655273304
508,534,462,123,1655321845
509,535,463,123,1655322187
510,536,464,123,1655322357
511,537,78,120,1655371630
512,538,79,120,1655371787
513,540,466,110,1655643407
514,541,470,123,1655718298
515,545,473,118,1655803842
516,546,475,30,1655835089
517,547,476,30,1655835588
518,548,337,139,1655839159
519,549,477,123,1655840372
520,550,478,116,1655845214
521,551,479,120,1655846633
522,552,474,112,1655886530
523,553,172,120,1655927862
524,554,173,120,1655927915
525,555,20,129,1655986437
526,556,1,129,1655986553
527,557,21,129,1655986553
528,558,284,129,1655986553
529,559,34,129,1655986553
530,560,31,129,1656075352
531,561,80,129,1656148582
532,562,38,129,1656148627
533,563,482,121,1656327651
534,564,483,112,1656423714
535,565,484,127,1656677158
536,566,485,127,1656743685
537,567,486,127,1656743872
538,568,487,127,1656744086
539,569,80,115,1656873419
540,570,488,127,1656879587
541,571,275,122,1656937983
542,572,277,122,1656938140
543,573,452,130,1656939326
544,574,490,121,1656946024
545,575,491,127,1656967998
546,576,492,130,1657018638
547,577,442,110,1657455425
548,578,494,123,1657541393
549,579,495,123,1657541796
550,580,496,112,1657551196
551,581,499,141,1657703975
552,582,500,141,1657704238
553,583,501,140,1657709335
554,584,294,125,1657743711
555,585,502,125,1657743941
556,586,503,122,1657816886
557,587,318,128,1658225955
558,588,504,127,1658239098
559,589,505,127,1658239479
560,590,223,124,1658388302
561,591,506,124,1658388967
562,592,507,114,1658391724
563,593,56,118,1658512908
564,594,509,142,1658620062
565,595,510,142,1658620282
566,596,511,127,1658774802
567,597,512,128,1658843497
568,598,513,124,1659100516
569,599,84,127,1659101427
570,600,508,125,1659364334
571,601,514,125,1659364664
572,602,515,125,1659364783
573,603,516,124,1659446685
574,604,517,124,1659447083
575,605,14,119,1659510538
576,606,518,131,1659537158
577,607,519,131,1659537709
578,608,520,131,1659699376
579,609,474,119,1659783652
580,610,56,119,1660037739
581,611,522,125,1660060754
582,612,523,125,1660060754
583,613,525,147,1661463498
584,614,526,147,1661463498
585,615,527,145,1663073493
