"reference_id","user_id","course_id","course_bookingDate"
"1","80","1","2020-07-04 11:21:01"
"2","38","2","2020-07-04 11:22:21"
"3","37","1","2020-07-04 19:55:06"
"4","21","2","2020-07-06 00:24:03"
"5","20","2","2020-07-06 12:33:54"
"6","41","2","2020-07-06 19:42:48"
"7","42","2","2020-07-06 19:51:26"
"8","26","2","2020-07-07 11:37:47"
"9","43","1","2020-07-07 15:39:16"
"10","44","3","2020-07-17 15:39:14"
"11","44","3","2020-07-17 15:41:54"
"12","44","3","2020-07-17 15:43:06"
"14","80","10","2020-07-23 22:14:14"
"15","38","7","2020-07-23 22:15:51"
"16","18","10","2020-07-24 14:26:22"
"17","31","10","2020-07-24 17:12:37"
"18","33","7","2020-07-24 17:28:09"
"19","39","7","2020-07-25 16:26:58"
"20","56","12","2020-07-26 13:01:53"
"21","41","12","2020-07-26 13:11:36"
"22","41","10","2020-07-26 15:10:53"
"23","47","12","2020-07-28 08:38:55"
"24","49","14","2020-07-28 09:13:30"
"25","50","14","2020-07-28 09:17:35"
"26","51","14","2020-07-28 09:21:21"
"27","52","14","2020-07-28 09:23:44"
"28","53","14","2020-07-28 09:27:17"
"30","57","13","2020-07-28 15:33:30"
"31","58","13","2020-07-28 15:37:10"
"32","54","13","2020-07-28 15:39:05"
"33","59","13","2020-07-28 15:39:27"
"34","14","13","2020-07-28 15:46:49"
"35","60","13","2020-07-28 15:50:43"
"36","61","13","2020-07-28 15:53:16"
"37","62","14","2020-07-28 17:47:29"
"38","63","14","2020-07-28 18:10:01"
"39","65","12","2020-07-28 20:19:09"
"40","66","12","2020-07-28 20:22:39"
"41","69","15","2020-07-28 23:00:52"
"42","68","15","2020-07-28 23:04:10"
"43","68","15","2020-07-28 23:11:27"
"44","70","15","2020-07-28 23:16:16"
"45","56","15","2020-07-29 09:42:03"
"46","72","14","2020-07-30 11:28:53"
"47","69","9","2020-07-30 12:26:48"
"48","71","10","2020-07-30 18:10:56"
"49","73","10","2020-07-30 18:25:16"
"50","74","14","2020-07-31 09:35:23"
"51","75","12","2020-07-31 12:15:20"
"52","76","10","2020-07-31 22:11:18"
"53","77","12","2020-08-01 16:33:16"
"54","78","15","2020-08-01 16:46:22"
"55","79","15","2020-08-01 17:00:42"
"56","81","12","2020-08-02 11:19:40"
"57","82","12","2020-08-02 12:34:40"
"58","48","12","2020-08-03 09:19:18"
"59","84","14","2020-08-04 22:09:00"
"60","64","13","2020-08-05 14:46:49"
"62","86","4","2020-08-07 14:57:36"
"63","88","15","2020-08-09 13:33:11"
"64","48","13","2020-08-10 11:48:29"
"65","89","17","2020-08-10 12:57:35"
"66","90","15","2020-08-10 12:58:58"
"67","9","18","2020-08-11 14:51:55"
"68","91","15","2020-08-11 20:49:09"
"69","92","15","2020-08-11 21:22:17"
"70","93","15","2020-08-11 21:28:04"
"71","43","16","2020-08-13 16:10:42"
"72","26","5","2020-08-16 19:06:38"
"73","96","5","2020-08-17 19:25:07"
"74","43","23","2020-08-19 15:37:07"
"75","33","4","2020-08-20 11:26:11"
"76","25","5","2020-08-20 22:03:53"
"77","9","24","2020-08-21 11:50:33"
"78","102","19","2020-08-21 14:30:38"
"80","20","4","2020-08-24 09:09:44"
"83","100","20","2020-08-27 13:21:11"
"84","98","21","2020-08-29 13:44:07"
"85","9","31","2020-08-30 09:58:41"
"86","102","8","2020-08-30 22:25:23"
"87","102","6","2020-08-30 22:31:47"
"88","97","6","2020-08-30 22:33:28"
"89","103","6","2020-08-30 22:37:45"
"90","49","9","2020-09-09 18:52:39"
"91","52","9","2020-09-09 18:55:29"
"92","53","9","2020-09-09 18:57:20"
"93","51","9","2020-09-09 18:59:38"
"94","50","9","2020-09-09 19:01:18"
"95","98","32","2020-09-13 14:05:30"
"96","106","32","2020-09-14 11:28:45"
"97","107","7","2020-09-20 15:49:11"
"98","108","32","2020-09-21 14:17:12"
"99","109","33","2020-09-21 18:41:17"
"100","56","9","2020-09-24 21:09:31"
"101","110","7","2020-09-27 12:14:04"
"102","99","7","2020-09-28 20:27:23"
"103","111","33","2020-10-03 15:46:52"
"104","112","33","2020-10-03 16:04:27"
"105","37","7","2020-10-04 10:27:13"
"106","31","7","2020-10-08 19:27:06"
"107","69","37","2021-05-24 06:09:48"
"108","62","46","2021-05-24 13:08:12"
"109","57","44","2021-05-24 14:42:32"
"110","59","44","2021-05-24 14:48:10"
"111","14","44","2021-05-24 15:15:08"
"112","90","46","2021-05-24 15:16:57"
"113","129","46","2021-05-24 15:18:59"
"114","55","46","2021-05-24 15:21:56"
"115","131","46","2021-05-24 15:23:08"
"116","130","45","2021-05-24 15:23:20"
"117","128","46","2021-05-24 15:24:14"
"118","133","46","2021-05-24 15:28:15"
"119","134","46","2021-05-24 15:30:05"
"120","125","36","2021-05-24 16:01:10"
"121","14","42","2021-05-24 16:02:19"
"122","9","43","2021-05-24 16:02:31"
"123","58","37","2021-05-24 16:02:44"
"124","138","44","2021-05-24 16:02:56"
"125","47","44","2021-05-24 16:03:08"
"126","80","39","2021-05-24 16:03:13"
"127","69","35","2021-05-24 16:03:28"
"128","140","37","2021-05-24 16:03:28"
"129","132","46","2021-05-24 16:04:27"
"130","141","36","2021-05-24 16:05:06"
"131","143","44","2021-05-24 16:05:46"
"132","127","45","2021-05-24 16:05:54"
"133","43","43","2021-05-24 16:06:23"
"134","139","37","2021-05-24 16:06:41"
"135","147","37","2021-05-24 16:06:57"
"136","31","39","2021-05-24 16:07:25"
"137","148","44","2021-05-24 16:07:42"
"138","60","37","2021-05-24 16:07:52"
"139","146","40","2021-05-24 16:08:05"
"140","135","45","2021-05-24 16:08:27"
"142","150","36","2021-05-24 16:10:20"
"144","151","44","2021-05-24 16:10:38"
"145","152","44","2021-05-24 16:11:07"
"146","153","37","2021-05-24 16:11:52"
"147","137","44","2021-05-24 16:11:59"
"148","146","49","2021-05-24 16:14:59"
"149","136","45","2021-05-24 16:15:57"
"150","31","43","2021-05-24 16:16:59"
"151","56","45","2021-05-24 16:18:15"
"152","56","37","2021-05-24 16:19:19"
"153","126","45","2021-05-24 16:19:27"
"156","156","44","2021-05-24 16:22:19"
"158","158","44","2021-05-24 16:26:58"
"159","161","42","2021-05-24 16:30:19"
"160","81","44","2021-05-24 16:31:49"
"161","162","44","2021-05-24 16:32:22"
"162","159","37","2021-05-24 16:34:20"
"163","163","37","2021-05-24 16:37:53"
"164","160","52","2021-05-24 16:38:18"
"165","165","37","2021-05-24 16:40:31"
"166","164","42","2021-05-24 16:45:44"
"169","168","48","2021-05-24 17:03:33"
"170","157","47","2021-05-24 17:06:11"
"171","167","51","2021-05-24 17:11:41"
"173","166","51","2021-05-24 17:14:55"
"174","122","48","2021-05-24 17:15:24"
"175","123","48","2021-05-24 17:17:07"
"176","169","37","2021-05-24 17:17:45"
"177","170","48","2021-05-24 17:19:10"
"178","43","51","2021-05-24 17:23:03"
"179","122","38","2021-05-24 17:24:45"
"180","43","49","2021-05-24 17:26:03"
"181","171","48","2021-05-24 17:26:04"
"182","123","38","2021-05-24 17:28:06"
"184","172","37","2021-05-24 18:12:47"
"185","173","37","2021-05-24 18:17:46"
"186","174","44","2021-05-24 19:49:06"
"187","64","35","2021-05-24 20:33:24"
"188","183","35","2021-05-24 20:37:46"
"189","175","54","2021-05-24 20:43:36"
"190","72","35","2021-05-24 20:45:17"
"191","54","35","2021-05-24 21:03:18"
"192","61","35","2021-05-24 21:46:51"
"193","176","44","2021-05-24 22:10:24"
"194","177","44","2021-05-24 22:18:23"
"195","178","47","2021-05-24 22:52:41"
"196","182","44","2021-05-25 11:44:30"
"197","184","36","2021-05-25 12:17:22"
"198","185","36","2021-05-25 12:28:31"
"199","186","36","2021-05-25 12:33:22"
"200","187","40","2021-05-25 12:40:47"
"201","188","40","2021-05-25 12:47:56"
"202","189","45","2021-05-25 13:35:10"
"203","190","46","2021-05-25 15:29:55"
"204","191","46","2021-05-25 15:34:53"
"205","194","46","2021-05-25 22:39:25"
"206","195","46","2021-05-25 22:48:16"
"207","196","48","2021-05-26 09:30:36"
"208","197","46","2021-05-26 15:19:25"
"209","198","46","2021-05-26 18:54:32"
"210","200","46","2021-05-26 19:16:22"
"211","199","48","2021-05-26 19:16:53"
"212","201","37","2021-05-27 08:39:17"
"213","202","38","2021-05-27 13:14:08"
"214","204","42","2021-05-28 09:27:28"
"215","272","43","2021-05-28 09:34:01"
"216","205","43","2021-05-28 09:42:06"
"218","5","51","2021-05-28 11:16:47"
"219","95","38","2021-05-28 16:23:47"
"222","212","40","2021-05-28 23:13:03"
"223","213","40","2021-05-28 23:24:45"
"224","214","43","2021-05-29 07:47:19"
"225","215","40","2021-05-29 09:41:13"
"226","207","51","2021-05-29 10:05:32"
"227","7","51","2021-05-29 10:09:45"
"228","216","36","2021-05-29 13:41:06"
"229","217","42","2021-05-29 13:44:25"
"230","218","36","2021-05-29 13:46:32"
"231","219","36","2021-05-29 13:50:43"
"232","220","36","2021-05-31 11:54:57"
"233","221","53","2021-05-31 19:46:11"
"234","222","53","2021-05-31 19:50:58"
"235","124","52","2021-05-31 20:02:11"
"236","223","53","2021-05-31 20:54:18"
"237","224","53","2021-05-31 21:06:24"
"238","41","55","2021-05-31 21:26:43"
"239","31","55","2021-05-31 21:54:11"
"240","225","52","2021-05-31 22:28:17"
"241","228","36","2021-06-01 10:19:29"
"242","229","36","2021-06-01 10:26:27"
"243","227","36","2021-06-01 10:32:48"
"244","27","55","2021-06-01 19:17:17"
"245","28","55","2021-06-01 19:46:18"
"246","231","49","2021-06-01 23:00:46"
"247","233","53","2021-06-02 15:27:04"
"248","193","36","2021-06-02 18:12:23"
"249","234","54","2021-06-04 11:35:08"
"250","235","54","2021-06-04 11:38:05"
"251","238","53","2021-06-05 11:24:11"
"252","232","50","2021-06-07 13:20:37"
"253","239","50","2021-06-07 13:38:51"
"254","240","50","2021-06-07 13:47:55"
"255","241","50","2021-06-07 14:05:57"
"256","243","53","2021-06-07 17:35:07"
"257","242","53","2021-06-07 17:37:40"
"258","244","53","2021-06-07 17:45:57"
"259","237","56","2021-06-08 11:25:28"
"260","245","56","2021-06-08 11:27:04"
"261","236","56","2021-06-08 11:29:03"
"262","246","45","2021-06-08 17:38:20"
"263","249","36","2021-06-09 17:39:18"
"264","248","36","2021-06-09 17:41:26"
"265","250","42","2021-06-10 11:17:53"
"266","251","37","2021-06-10 19:19:30"
"267","252","37","2021-06-10 19:49:22"
"268","253","37","2021-06-10 20:00:16"
"269","254","37","2021-06-10 20:06:44"
"271","33","55","2021-06-14 21:54:12"
"272","9","67","2021-06-14 23:16:34"
"273","258","35","2021-06-16 10:15:06"
"274","259","46","2021-06-16 12:33:40"
"275","261","38","2021-06-17 16:41:10"
"276","262","40","2021-06-17 20:54:10"
"277","109","68","2021-06-18 21:11:16"
"278","263","68","2021-06-18 21:25:50"
"279","260","60","2021-06-19 17:40:19"
"280","21","58","2021-06-20 22:08:15"
"281","264","92","2021-06-21 02:50:36"
"282","267","37","2021-06-21 19:19:08"
"283","268","37","2021-06-21 19:48:18"
"284","266","52","2021-06-22 20:29:29"
"286","270","36","2021-06-23 13:31:27"
"287","271","54","2021-06-24 13:50:29"
"288","274","54","2021-06-25 19:23:50"
"289","275","54","2021-06-25 19:27:25"
"290","277","54","2021-06-25 19:34:43"
"291","276","54","2021-06-25 19:35:16"
"292","278","54","2021-06-27 12:25:00"
"293","279","52","2021-06-27 17:07:32"
"294","280","52","2021-06-27 17:10:42"
"295","282","36","2021-06-28 09:50:38"
"296","283","36","2021-06-28 10:00:38"
"297","80","48","2021-06-28 10:37:32"
"298","261","43","2021-06-29 14:55:51"
"299","286","36","2021-06-29 20:53:32"
"300","287","36","2021-06-30 10:06:19"
"301","38","58","2021-06-30 15:35:45"
"302","9","82","2021-06-30 21:49:06"
"303","24","40","2021-07-02 16:47:52"
"304","24","49","2021-07-02 16:51:27"
"305","289","36","2021-07-02 19:43:50"
"306","84","36","2021-07-04 18:42:35"
"307","290","52","2021-07-08 14:40:55"
"308","291","52","2021-07-08 14:46:00"
"309","288","90","2021-07-08 15:49:07"
"310","257","53","2021-07-08 18:06:59"
"311","292","44","2021-07-10 16:29:57"
"312","293","47","2021-07-12 10:20:16"
"313","294","44","2021-07-15 12:22:17"
"314","295","53","2021-07-15 19:01:28"
"315","297","47","2021-07-16 17:57:52"
"316","298","47","2021-07-16 18:00:57"
"317","299","47","2021-07-16 18:19:12"
"318","300","52","2021-07-16 18:22:49"
"319","301","52","2021-07-16 18:25:04"
"320","302","54","2021-07-17 15:30:39"
"321","303","54","2021-07-17 15:41:57"
"322","304","54","2021-07-17 15:46:51"
"323","305","54","2021-07-17 15:52:07"
"324","306","54","2021-07-17 15:57:49"
"325","307","53","2021-07-18 11:45:30"
"326","296","60","2021-07-18 16:47:06"
"327","226","60","2021-07-19 16:42:06"
"328","309","49","2021-07-20 08:21:50"
"329","310","49","2021-07-20 08:27:20"
"330","313","52","2021-07-21 12:31:15"
"331","314","52","2021-07-21 12:38:33"
"332","315","52","2021-07-21 12:48:17"
"333","317","52","2021-07-23 09:31:57"
"334","223","46","2021-07-23 22:35:18"
"335","224","46","2021-07-23 22:49:22"
"336","181","84","2021-07-26 11:34:20"
"337","318","84","2021-07-26 23:08:51"
"338","33","98","2021-07-28 13:45:17"
"339","20","98","2021-07-28 14:22:50"
"340","1","98","2021-07-28 14:31:20"
"341","30","98","2021-07-28 15:00:50"
"342","21","98","2021-07-28 16:02:08"
"343","38","98","2021-07-29 22:59:18"
"344","319","99","2021-07-30 13:36:17"
"345","17","98","2021-07-30 19:30:52"
"346","2","98","2021-07-31 12:08:19"
"347","320","99","2021-07-31 15:27:52"
"348","318","95","2021-08-01 11:45:19"
"349","181","95","2021-08-01 11:46:36"
"350","322","55","2021-08-08 13:49:56"
"351","264","55","2021-08-08 13:59:06"
"352","52","97","2021-08-08 19:10:32"
"353","51","97","2021-08-08 19:10:32"
"354","49","97","2021-08-08 19:10:32"
"355","53","97","2021-08-08 19:10:32"
"356","50","97","2021-08-08 19:10:32"
"357","323","55","2021-08-09 10:27:05"
"358","324","55","2021-08-09 10:31:26"
"359","325","55","2021-08-09 21:51:59"
"360","326","55","2021-08-09 22:57:07"
"361","9","59","2021-08-10 19:47:10"
"362","9","61","2021-08-10 20:07:51"
"363","242","54","2021-08-14 14:38:35"
"364","328","55","2021-08-14 18:26:22"
"365","329","100","2021-08-18 14:16:25"
"366","330","100","2021-08-28 11:02:54"
"367","323","25","2021-08-31 08:24:46"
"368","264","25","2021-08-31 12:47:56"
"369","43","26","2021-09-04 15:31:06"
"370","56","26","2021-09-04 15:38:29"
"371","9","26","2021-09-04 16:06:48"
"372","31","26","2021-09-05 14:36:22"
"373","332","28","2021-09-09 14:21:47"
"374","333","101","2021-09-11 16:31:41"
"375","334","101","2021-09-11 16:37:28"
"376","41","26","2021-09-13 19:50:35"
"377","49","30","2022-02-11 14:48:10"
"378","50","30","2022-02-11 14:48:10"
"379","51","30","2022-02-11 14:48:10"
"380","52","30","2022-02-11 14:48:10"
"381","53","30","2022-02-11 14:48:10"
"382","196","102","2021-08-05 14:00:00"
"383","338","104","2022-04-13 00:24:31"
"384","339","104","2022-04-13 00:24:31"
"385","340","104","2022-04-13 00:24:31"
"386","341","104","2022-04-13 00:28:03"
"388","343","104","2022-04-13 15:02:02"
"389","344","104","2022-04-13 15:02:02"
"390","345","106","2022-04-28 14:14:34"
"391","346","106","2022-04-28 14:43:02"
"392","347","106","2022-04-28 14:49:12"
"393","348","106","2022-04-28 16:01:14"
"394","349","106","2022-04-28 16:05:48"
"395","350","106","2022-04-28 18:50:03"
"396","351","106","2022-04-28 19:26:38"
"397","352","106","2022-04-29 11:21:40"
"398","353","106","2022-04-30 12:41:29"
"399","354","106","2022-04-30 12:51:25"
"400","355","106","2022-04-30 13:01:00"
"401","357","106","2022-05-02 11:23:55"
"402","358","106","2022-05-02 16:29:32"
"404","359","106","2022-05-03 12:46:34"
"405","360","106","2022-05-03 12:51:39"
"406","361","106","2022-05-03 12:53:59"
"407","362","106","2022-05-03 13:09:34"
"408","365","121","2022-05-15 09:44:04"
"409","366","121","2022-05-15 09:50:23"
"410","367","121","2022-05-15 09:55:24"
"411","369","122","2022-05-19 22:38:25"
"412","370","122","2022-05-19 22:45:06"
"413","135","124","2022-05-20 11:25:42"
"414","127","124","2022-05-20 11:25:42"
"415","137","124","2022-05-20 11:25:42"
"416","126","118","2022-05-20 11:25:42"
"417","136","118","2022-05-20 11:25:42"
"418","130","118","2022-05-20 11:25:42"
"419","371","122","2022-05-24 01:43:02"
"420","372","122","2022-05-24 01:43:02"
"421","373","122","2022-05-24 01:43:02"
"422","374","122","2022-05-24 01:43:02"
"423","376","117","2022-05-24 13:37:32"
"424","377","117","2022-05-24 13:44:21"
"426","378","112","2022-05-24 15:27:53"
"427","69","125","2022-05-24 16:00:40"
"428","125","120","2022-05-24 16:01:03"
"429","43","115","2022-05-24 16:01:14"
"430","380","124","2022-05-24 16:01:25"
"432","43","128","2022-05-24 16:01:56"
"433","47","124","2022-05-24 16:01:58"
"434","9","141","2022-05-24 16:02:17"
"435","9","119","2022-05-24 16:02:53"
"436","56","115","2022-05-24 16:03:13"
"437","14","116","2022-05-24 16:03:15"
"438","382","124","2022-05-24 16:03:54"
"439","386","124","2022-05-24 16:04:18"
"440","379","113","2022-05-24 16:04:18"
"441","384","122","2022-05-24 16:04:20"
"442","383","126","2022-05-24 16:04:25"
"443","381","126","2022-05-24 16:04:28"
"444","234","111","2022-05-24 16:04:34"
"445","56","111","2022-05-24 16:05:10"
"446","385","110","2022-05-24 16:05:48"
"448","390","122","2022-05-24 16:07:42"
"449","392","124","2022-05-24 16:08:07"
"450","235","111","2022-05-24 16:08:16"
"451","391","124","2022-05-24 16:08:29"
"452","387","113","2022-05-24 16:09:31"
"453","394","110","2022-05-24 16:10:37"
"454","368","125","2022-05-24 16:11:14"
"455","395","126","2022-05-24 16:13:04"
"456","396","125","2022-05-24 16:15:13"
"457","397","126","2022-05-24 16:16:23"
"458","393","124","2022-05-24 16:17:07"
"459","398","126","2022-05-24 16:19:36"
"460","399","124","2022-05-24 16:33:33"
"461","400","124","2022-05-24 16:38:10"
"462","401","124","2022-05-24 16:47:41"
"463","402","124","2022-05-24 16:53:05"
"464","403","120","2022-05-24 17:10:21"
"465","261","115","2022-05-24 17:36:29"
"466","389","113","2022-05-24 17:37:42"
"467","404","113","2022-05-24 17:44:35"
"468","405","122","2022-05-24 18:42:26"
"469","188","115","2022-05-24 19:10:02"
"470","187","115","2022-05-24 19:11:55"
"471","185","109","2022-05-24 19:13:26"
"472","186","109","2022-05-24 19:15:37"
"473","184","120","2022-05-24 19:19:15"
"474","406","124","2022-05-24 19:36:38"
"475","407","120","2022-05-24 19:36:47"
"476","408","124","2022-05-24 19:39:56"
"477","81","124","2022-05-24 19:42:30"
"478","409","123","2022-05-24 19:48:54"
"479","230","120","2022-05-24 19:48:56"
"480","410","123","2022-05-24 19:54:33"
"481","411","124","2022-05-24 20:38:35"
"482","412","124","2022-05-24 20:41:45"
"483","413","117","2022-05-24 21:16:05"
"484","414","117","2022-05-24 21:20:44"
"485","175","110","2022-05-24 21:25:06"
"486","415","121","2022-05-24 22:39:55"
"487","416","121","2022-05-25 10:13:58"
"488","420","116","2022-05-25 14:48:18"
"489","422","120","2022-05-25 22:07:34"
"490","423","120","2022-05-25 22:08:40"
"491","417","134","2022-05-25 22:17:26"
"492","424","134","2022-05-25 22:19:37"
"493","425","134","2022-05-25 22:22:27"
"494","375","117","2022-05-26 08:47:12"
"495","259","123","2022-05-26 19:46:57"
"496","427","118","2022-05-26 22:46:20"
"497","427","111","2022-05-26 22:54:33"
"498","428","134","2022-05-27 14:17:40"
"499","429","134","2022-05-27 14:23:30"
"500","430","134","2022-05-27 14:29:03"
"501","364","121","2022-05-30 03:21:40"
"502","431","121","2022-05-30 03:24:00"
"503","432","110","2022-05-30 16:30:34"
"504","433","135","2022-05-30 17:31:49"
"505","157","30","2022-05-30 19:22:14"
"506","160","122","2022-05-30 19:37:19"
"507","434","121","2022-05-30 23:20:52"
"508","435","122","2022-05-31 09:41:50"
"509","436","110","2022-05-31 17:20:14"
"510","437","110","2022-05-31 19:47:40"
"511","438","113","2022-05-31 21:08:58"
"512","439","135","2022-05-31 23:32:45"
"513","441","136","2022-06-03 23:09:56"
"514","442","135","2022-06-03 23:12:29"
"515","443","135","2022-06-03 23:12:29"
"516","125","135","2022-06-03 23:12:29"
"517","445","112","2022-06-04 10:22:13"
"518","131","121","2022-06-06 11:24:26"
"519","446","109","2022-06-06 11:45:12"
"520","447","122","2022-06-06 12:09:16"
"521","448","126","2022-06-06 22:04:03"
"522","449","126","2022-06-06 22:12:04"
"523","450","113","2022-06-07 11:22:43"
"524","451","127","2022-06-07 22:01:37"
"525","206","109","2022-06-08 18:57:48"
"526","453","109","2022-06-09 11:12:08"
"527","454","120","2022-06-09 19:20:46"
"528","455","120","2022-06-09 19:26:55"
"529","456","138","2022-06-11 20:26:10"
"530","457","138","2022-06-12 11:18:25"
"531","459","120","2022-06-14 09:20:15"
"532","460","125","2022-06-14 13:45:35"
"533","461","119","2022-06-15 07:08:24"
"534","462","123","2022-06-15 20:37:25"
"535","463","123","2022-06-15 20:43:07"
"536","464","123","2022-06-15 20:45:57"
"537","78","120","2022-06-16 10:27:10"
"538","79","120","2022-06-16 10:29:47"
"540","466","110","2022-06-19 13:56:47"
"541","470","123","2022-06-20 10:44:58"
"545","473","118","2022-06-21 10:30:42"
"546","475","30","2022-06-21 19:11:29"
"547","476","30","2022-06-21 19:19:48"
"548","337","139","2022-06-21 20:19:19"
"549","477","123","2022-06-21 20:39:32"
"550","478","116","2022-06-21 22:00:14"
"551","479","120","2022-06-21 22:23:53"
"552","474","112","2022-06-22 09:28:50"
"553","172","120","2022-06-22 20:57:42"
"554","173","120","2022-06-22 20:58:35"
"555","20","129","2022-06-23 13:13:57"
"556","1","129","2022-06-23 13:15:53"
"557","21","129","2022-06-23 13:15:53"
"558","284","129","2022-06-23 13:15:53"
"559","34","129","2022-06-23 13:15:53"
"560","31","129","2022-06-24 13:55:52"
"561","80","129","2022-06-25 10:16:22"
"562","38","129","2022-06-25 10:17:07"
"563","482","121","2022-06-27 12:00:51"
"564","483","112","2022-06-28 14:41:54"
"565","484","127","2022-07-01 13:05:58"
"566","485","127","2022-07-02 07:34:45"
"567","486","127","2022-07-02 07:37:52"
"568","487","127","2022-07-02 07:41:26"
"569","80","115","2022-07-03 19:36:59"
"570","488","127","2022-07-03 21:19:47"
"571","275","122","2022-07-04 13:33:03"
"572","277","122","2022-07-04 13:35:40"
"573","452","130","2022-07-04 13:55:26"
"574","490","121","2022-07-04 15:47:04"
"575","491","127","2022-07-04 21:53:18"
"576","492","130","2022-07-05 11:57:18"
"577","442","110","2022-07-10 13:17:05"
"578","494","123","2022-07-11 13:09:53"
"579","495","123","2022-07-11 13:16:36"
"580","496","112","2022-07-11 15:53:16"
"581","499","141","2022-07-13 10:19:35"
"582","500","141","2022-07-13 10:23:58"
"583","501","140","2022-07-13 11:48:55"
"584","294","125","2022-07-13 21:21:51"
"585","502","125","2022-07-13 21:25:41"
"586","503","122","2022-07-14 17:41:26"
"587","318","128","2022-07-19 11:19:15"
"588","504","127","2022-07-19 14:58:18"
"589","505","127","2022-07-19 15:04:39"
"590","223","124","2022-07-21 08:25:02"
"591","506","124","2022-07-21 08:36:07"
"592","507","114","2022-07-21 09:22:04"
"593","56","118","2022-07-22 19:01:48"
"594","509","142","2022-07-24 00:47:42"
"595","510","142","2022-07-24 00:51:22"
"596","511","127","2022-07-25 19:46:42"
"597","512","128","2022-07-26 14:51:37"
"598","513","124","2022-07-29 14:15:16"
"599","84","127","2022-07-29 14:30:27"
"600","508","125","2022-08-01 15:32:14"
"601","514","125","2022-08-01 15:37:44"
"602","515","125","2022-08-01 15:39:43"
"603","516","124","2022-08-02 14:24:45"
"604","517","124","2022-08-02 14:31:23"
"605","14","119","2022-08-03 08:08:58"
"606","518","131","2022-08-03 15:32:38"
"607","519","131","2022-08-03 15:41:49"
"608","520","131","2022-08-05 12:36:16"
"609","474","119","2022-08-06 12:00:52"
"610","56","119","2022-08-09 10:35:39"
"611","522","125","2022-08-09 16:59:14"
"612","523","125","2022-08-09 16:59:14"
"613","525","147","2022-08-25 22:38:18"
"614","526","147","2022-08-25 22:38:18"
"615","527","145","2022-09-13 13:51:33"
